country_name,year,country_year,region,region_short,ownership,foreign_tech,exporter,gvc_manuf,qa_cert,N_obs,N_owner,N_tech,N_export,N_gvc,N_qacert
Afghanistan,2008.0,Afghanistan (2008),"Middle East, North Africa, Afghanistan & Pakistan",MENAAP,4.339622641509433,10.92437,2.2598870056497176,75.0,8.522727,535,530,119,531,124,528
Afghanistan,2014.0,Afghanistan (2014),"Middle East, North Africa, Afghanistan & Pakistan",MENAAP,0.0,6.271059,2.552127519449552,72.60915,22.097864,410,410,137,371,139,396
Afghanistan,2025.0,Afghanistan (2025),"Middle East, North Africa, Afghanistan & Pakistan",MENAAP,1.3851782044423202,3.8845763,6.220484458668615,46.67218,8.128402,426,426,230,426,230,426
Albania,2007.0,Albania (2007),Europe & Central Asia,ECA,16.538429916209985,38.639347,12.047183454082617,86.62675,24.582073,304,304,107,304,111,281
Albania,2013.0,Albania (2013),Europe & Central Asia,ECA,6.232019968607873,20.71184,8.714766447959835,67.219696,23.789959,360,358,107,342,109,334
Albania,2019.0,Albania (2019),Europe & Central Asia,ECA,5.311461109531401,15.459476,14.891110743481123,76.48867,13.153465,377,375,146,374,146,369
Albania,2025.0,Albania (2025),Europe & Central Asia,ECA,0.6120721892044773,7.120278,10.404162574343125,50.696777,14.765289,365,365,139,365,139,361
Angola,2006.0,Angola (2006),Sub-Saharan Africa,SSA,14.653645205440927,5.98724,1.0376274140597863,68.35045,5.0539083,425,425,215,425,215,423
Angola,2010.0,Angola (2010),Sub-Saharan Africa,SSA,27.356137579612565,34.677116,2.059959822259357,59.315723,21.646858,360,350,128,350,136,336
Angola,2024.0,Angola (2024),Sub-Saharan Africa,SSA,17.50716968807428,28.706602,0.7837764228295481,30.078169,4.890354,430,428,93,427,92,430
Antigua and Barbuda,2010.0,Antigua and Barbuda (2010),Latin America & Caribbean,LAC,8.492277330383528,0.0,17.14873329533303,64.575455,3.6984735,151,148,34,151,34,150
Antigua and Barbuda,2025.0,Antigua and Barbuda (2025),Latin America & Caribbean,LAC,11.698412601736251,50.54961,8.81819960025878,88.22392,13.277942,101,98,9,98,9,94
Argentina,2006.0,Argentina (2006),Latin America & Caribbean,LAC,14.154060612872192,16.396786,25.605216466865677,74.06432,26.874363,1063,1060,651,1058,741,1056
Argentina,2010.0,Argentina (2010),Latin America & Caribbean,LAC,4.707137376778443,14.062958,15.398784007909908,73.287575,18.204649,1054,1053,781,1052,799,1019
Argentina,2017.0,Argentina (2017),Latin America & Caribbean,LAC,2.7953978609092585,7.4917674,6.813872673572878,62.27947,17.228672,991,990,643,990,650,969
Armenia,2009.0,Armenia (2009),Europe & Central Asia,ECA,10.826720166333224,40.30048,14.496759427281255,87.63594,26.894012,374,370,113,373,113,371
Armenia,2013.0,Armenia (2013),Europe & Central Asia,ECA,10.516201033365508,22.069159,7.3097412249973805,89.30944,25.192102,360,358,111,356,111,360
Armenia,2020.0,Armenia (2020),Europe & Central Asia,ECA,6.366808998695653,33.67686,14.15866642935614,88.58407,7.7902822,546,545,272,543,275,531
Armenia,2024.0,Armenia (2024),Europe & Central Asia,ECA,7.636923453362055,35.07743,7.8381257780353195,86.011795,20.331142,375,375,147,375,147,364
Austria,2021.0,Austria (2021),Europe & Central Asia,ECA,9.472322030691432,25.791819,29.411357223725666,93.35135,27.115837,600,600,199,599,200,586
Austria,2025.0,Austria (2025),Europe & Central Asia,ECA,4.122022453783234,24.14028,23.250092535250424,77.05354,30.844429,601,601,244,601,244,599
Azerbaijan,2009.0,Azerbaijan (2009),Europe & Central Asia,ECA,8.694694711543045,23.805956,2.8258237413081924,47.28937,18.173765,380,380,118,380,120,368
Azerbaijan,2013.0,Azerbaijan (2013),Europe & Central Asia,ECA,0.0,25.391747,1.3073310815277148,21.014551,13.509739,390,390,120,390,121,378
Azerbaijan,2019.0,Azerbaijan (2019),Europe & Central Asia,ECA,6.067841620077452,41.682728,9.020808101008782,76.836914,17.354685,225,223,52,214,51,221
Azerbaijan,2024.0,Azerbaijan (2024),Europe & Central Asia,ECA,5.9248629904817225,47.179386,4.98579352312399,73.18442,15.568715,368,366,121,362,123,337
Bahamas,2010.0,Bahamas (2010),Latin America & Caribbean,LAC,14.882402703297949,20.114943,13.183815309642972,77.09497,31.139317,150,148,41,148,42,136
Bahrain,2024.0,Bahrain (2024),"Middle East, North Africa, Afghanistan & Pakistan",MENAAP,20.74387295654257,38.074036,18.49671484995099,86.21705,35.4293,150,149,47,146,47,146
Bangladesh,2007.0,Bangladesh (2007),South Asia,SAR,0.9887298623287916,3.779218,18.44698803477284,48.75083,7.822033,1504,1504,1200,1503,1300,1479
Bangladesh,2013.0,Bangladesh (2013),South Asia,SAR,1.8978944091905137,16.735004,17.869264296931966,58.20843,14.33585,1442,1442,1177,1442,1179,1427
Bangladesh,2022.0,Bangladesh (2022),South Asia,SAR,1.1666229157100652,2.577318,7.728222310080378,21.206285,9.169777,998,998,541,997,544,994
Barbados,2010.0,Barbados (2010),Latin America & Caribbean,LAC,11.805588837160204,6.6010566,20.36804567516805,90.6287,18.312628,150,150,70,150,71,146
Barbados,2023.0,Barbados (2023),Latin America & Caribbean,LAC,9.64737548060655,9.138007,6.807787414651198,80.26912,2.9165444,153,153,61,151,63,149
Belarus,2008.0,Belarus (2008),Europe & Central Asia,ECA,11.874619700619737,18.213432,17.08427025063591,64.898125,13.934027,273,254,82,273,104,263
Belarus,2013.0,Belarus (2013),Europe & Central Asia,ECA,11.411530432506092,6.079611,14.268344737131352,83.51396,12.621164,360,355,117,359,117,354
Belarus,2018.0,Belarus (2018),Europe & Central Asia,ECA,9.6825883773828,9.092249,16.87400166280372,84.074715,20.699558,600,598,329,598,330,589
Belgium,2020.0,Belgium (2020),Europe & Central Asia,ECA,14.177428158041975,25.188742,28.90329722549336,94.515724,25.146845,614,609,243,609,243,601
Belgium,2024.0,Belgium (2024),Europe & Central Asia,ECA,14.850576974805008,16.266863,31.346346674629398,94.48734,32.257473,320,318,94,315,93,308
Belize,2010.0,Belize (2010),Latin America & Caribbean,LAC,4.633199532775311,16.718779,17.307443413978387,77.933815,0.7022261,150,150,72,150,72,150
Benin,2009.0,Benin (2009),Sub-Saharan Africa,SSA,11.799863409378025,5.5410123,3.445279195972307,36.665325,8.945409,150,149,64,149,72,141
Benin,2016.0,Benin (2016),Sub-Saharan Africa,SSA,19.351335969506305,2.123565,17.825663150728715,75.72321,14.389689,150,146,70,147,70,148
Benin,2024.0,Benin (2024),Sub-Saharan Africa,SSA,21.05908038654148,11.100853,9.319492180253288,60.734356,5.9923553,364,364,72,364,72,361
Bhutan,2009.0,Bhutan (2009),South Asia,SAR,6.304816235812439,12.708621,7.480180782484422,84.25968,5.3660297,250,250,95,250,95,244
Bhutan,2015.0,Bhutan (2015),South Asia,SAR,3.661883765163918,14.405793,3.393199622779059,53.750587,3.727715,253,251,77,248,82,248
Bhutan,2024.0,Bhutan (2024),South Asia,SAR,2.6744284892936925,10.653562,5.2927666254659345,96.44635,2.5138211,155,155,69,155,69,153
Bolivia,2006.0,Bolivia (2006),Latin America & Caribbean,LAC,13.90349161220536,9.761291,11.660772604385523,56.002605,13.751353,613,612,367,612,405,610
Bolivia,2010.0,Bolivia (2010),Latin America & Caribbean,LAC,10.985193799427275,26.114195,7.527909697657531,66.74317,22.34977,362,357,115,362,159,340
Bolivia,2017.0,Bolivia (2017),Latin America & Caribbean,LAC,10.226074668848712,36.921093,7.48812602172851,75.06126,11.633784,364,364,117,363,118,353
Bolivia,2025.0,Bolivia (2025),Latin America & Caribbean,LAC,3.5238835834969624,7.369954,4.060171249182401,62.08238,4.338107,610,610,204,610,206,602
Bosnia and Herzegovina,2009.0,Bosnia and Herzegovina (2009),Europe & Central Asia,ECA,6.374534607302655,25.319538,22.915966692533,82.30868,30.075514,361,360,121,360,126,347
Bosnia and Herzegovina,2013.0,Bosnia and Herzegovina (2013),Europe & Central Asia,ECA,10.344630094940548,25.765753,21.362893603315168,74.46639,33.487823,360,359,117,359,117,352
Bosnia and Herzegovina,2019.0,Bosnia and Herzegovina (2019),Europe & Central Asia,ECA,10.928083675344977,15.647499,32.22836836619237,90.34741,28.262606,362,358,133,360,134,351
Bosnia and Herzegovina,2023.0,Bosnia and Herzegovina (2023),Europe & Central Asia,ECA,6.098731004803111,5.935632,29.697761900418467,83.58708,28.411245,351,351,131,351,131,339
Botswana,2006.0,Botswana (2006),Sub-Saharan Africa,SSA,47.71807862608624,22.148863,4.2310265465375085,83.29665,12.659473,342,341,114,342,114,341
Botswana,2010.0,Botswana (2010),Sub-Saharan Africa,SSA,48.85901407297249,17.520437,3.42425705341525,85.65471,21.330114,268,266,84,268,85,258
Botswana,2023.0,Botswana (2023),Sub-Saharan Africa,SSA,17.366183494476903,8.687839,6.253391477339383,43.633797,10.402227,622,621,163,619,163,615
Brazil,2009.0,Brazil (2009),Latin America & Caribbean,LAC,2.4258327389357057,9.865444,3.921578558836695,34.903893,13.059815,1802,1209,1299,1799,1483,1764
Brunei Darussalam,2025.0,Brunei Darussalam (2025),East Asia & Pacific,EAP,19.042245835388698,17.607956,2.2873337308327293,80.48405,15.517659,150,149,58,148,58,148
Bulgaria,2007.0,Bulgaria (2007),Europe & Central Asia,ECA,5.993579074187401,8.988906,8.11252323699461,44.496502,22.246214,1015,1015,524,1015,639,965
Bulgaria,2009.0,Bulgaria (2009),Europe & Central Asia,ECA,9.672514993546935,12.559221,15.075181121916314,59.919674,19.914852,288,288,94,288,96,272
Bulgaria,2013.0,Bulgaria (2013),Europe & Central Asia,ECA,7.479313847282877,13.951628,16.546211221663512,69.47492,22.74759,293,293,109,292,111,291
Bulgaria,2019.0,Bulgaria (2019),Europe & Central Asia,ECA,11.513345047038172,11.420957,23.078512869441276,71.91471,23.963444,772,771,425,770,428,738
Bulgaria,2023.0,Bulgaria (2023),Europe & Central Asia,ECA,6.653963857714004,10.383289,20.81048977607014,65.20161,19.97615,710,707,375,706,374,707
Burkina Faso,2009.0,Burkina Faso (2009),Sub-Saharan Africa,SSA,10.086442753261895,5.8982925,3.3694097322841454,67.50452,14.392426,394,390,92,390,95,374
Burkina Faso,2024.0,Burkina Faso (2024),Sub-Saharan Africa,SSA,8.357632391671055,2.2061424,0.6907980200047446,45.731163,2.4967444,380,380,93,380,93,379
Burundi,2006.0,Burundi (2006),Sub-Saharan Africa,SSA,15.208937340611719,0.0,1.572509339278921,78.470505,7.067807,270,270,102,270,102,270
Burundi,2014.0,Burundi (2014),Sub-Saharan Africa,SSA,20.626260261702818,11.688898,7.547433048767159,81.27181,10.606372,157,157,60,157,60,152
Burundi,2025.0,Burundi (2025),Sub-Saharan Africa,SSA,6.0631481299665,13.845031,1.7320501620698199,30.170015,1.336973,161,161,65,161,65,161
Cabo Verde,2009.0,Cabo Verde (2009),Sub-Saharan Africa,SSA,13.854874221303357,27.666988,0.8710342151512704,32.111847,15.881541,156,155,61,156,68,141
Cabo Verde,2024.0,Cabo Verde (2024),Sub-Saharan Africa,SSA,25.16181748030273,49.839878,1.796999958056316,52.658367,2.9007564,163,163,66,163,66,162
Cambodia,2013.0,Cambodia (2013),East Asia & Pacific,EAP,15.347019884752017,15.705546,5.166724460196399,17.426695,9.504956,472,472,175,469,185,456
Cambodia,2016.0,Cambodia (2016),East Asia & Pacific,EAP,4.497329561016743,17.533318,9.573852533262981,50.378887,5.2342567,373,373,119,373,135,359
Cambodia,2023.0,Cambodia (2023),East Asia & Pacific,EAP,15.514204615135402,33.457886,7.952264514996784,86.76539,7.525534,519,519,264,519,264,518
Cameroon,2009.0,Cameroon (2009),Sub-Saharan Africa,SSA,11.627771159313879,13.576369,6.047204639658213,66.69964,20.40176,363,363,103,363,107,355
Cameroon,2016.0,Cameroon (2016),Sub-Saharan Africa,SSA,7.765331995633627,11.878843,8.786894987511825,64.52349,7.6814556,361,359,99,357,102,319
Cameroon,2024.0,Cameroon (2024),Sub-Saharan Africa,SSA,9.87396762000392,7.749008,7.446003439095164,58.335197,8.043557,615,614,161,615,161,609
Canada,2024.0,Canada (2024),North America,NAR,9.567717691102501,21.768507,12.299575113399777,79.10354,16.616096,1015,1014,195,1014,195,995
Central African Republic,2011.0,Central African Republic (2011),Sub-Saharan Africa,SSA,42.55467325921592,24.23313,12.108735302083328,56.179012,36.987286,150,150,27,149,37,145
Central African Republic,2023.0,Central African Republic (2023),Sub-Saharan Africa,SSA,27.814900680821935,13.901244,18.88405970024438,89.20905,0.111368604,151,130,32,137,32,148
Chad,2009.0,Chad (2009),Sub-Saharan Africa,SSA,26.5840686242081,14.322439,8.570333009188822,78.73785,43.29184,150,150,59,150,60,144
Chad,2018.0,Chad (2018),Sub-Saharan Africa,SSA,7.211256069409335,18.47941,8.019976874530412,74.20774,2.0232708,153,149,74,146,69,148
Chad,2023.0,Chad (2023),Sub-Saharan Africa,SSA,7.421093082591909,0.46901092,2.8468612003548275,79.950905,4.657697,164,164,81,164,81,163
Chile,2006.0,Chile (2006),Latin America & Caribbean,LAC,8.35708990525849,12.246524,4.715785116583758,49.49009,21.970154,1017,1017,637,1015,694,938
Chile,2010.0,Chile (2010),Latin America & Caribbean,LAC,8.512909608503923,13.095692,8.18221129340262,75.42816,22.092953,1033,1032,775,1031,779,975
China,2012.0,China (2012),East Asia & Pacific,EAP,4.2887641844128135,17.953075,10.257693275088254,34.344845,53.354992,2700,2692,1671,2698,1691,2669
China,2024.0,China (2024),East Asia & Pacific,EAP,1.4931546564516238,3.0866275,4.073847465094878,24.87328,16.044855,2189,2178,1166,2174,1183,2096
Colombia,2006.0,Colombia (2006),Latin America & Caribbean,LAC,1.1508681889235353,2.803453,8.502982248844955,56.79207,5.8796463,1000,1000,632,1000,648,996
Colombia,2010.0,Colombia (2010),Latin America & Caribbean,LAC,12.04823884230688,11.753797,7.306212015345076,78.15488,20.8077,942,942,702,942,708,892
Colombia,2017.0,Colombia (2017),Latin America & Caribbean,LAC,10.091097127893194,7.7545295,8.455675926274457,77.51491,20.553783,993,993,530,993,570,948
Colombia,2023.0,Colombia (2023),Latin America & Caribbean,LAC,4.347677356066172,12.861991,4.857352476792091,57.35234,9.660433,919,914,291,917,294,908
Comoros,2025.0,Comoros (2025),Sub-Saharan Africa,SSA,13.640207272141474,3.0431867,0.6235360974935162,72.91434,1.7166945,153,153,57,153,57,151
Congo,2009.0,Congo (2009),Sub-Saharan Africa,SSA,22.46957492562653,28.40335,5.01427753936923,59.65042,19.62025,151,144,38,146,38,126
Congo,2024.0,Congo (2024),Sub-Saharan Africa,SSA,22.629245886492715,6.902765,6.865365130081055,25.888004,4.6236672,365,360,102,355,104,360
Costa Rica,2010.0,Costa Rica (2010),Latin America & Caribbean,LAC,11.851512217086016,9.438486,6.142068742172876,66.81484,13.282135,538,537,315,532,322,507
Costa Rica,2023.0,Costa Rica (2023),Latin America & Caribbean,LAC,18.920498515567992,16.277481,11.000392318015914,61.76704,15.126318,357,354,112,345,113,352
Cote d'Ivoire,2009.0,Cote d'Ivoire (2009),Sub-Saharan Africa,SSA,14.978991153794588,3.6462739,2.246142420023665,27.40579,4.3289967,526,525,158,525,209,514
Cote d'Ivoire,2016.0,Cote d'Ivoire (2016),Sub-Saharan Africa,SSA,29.06974027300669,3.3850431,6.195561264789601,50.101566,5.560733,361,356,104,354,106,350
Cote d'Ivoire,2023.0,Cote d'Ivoire (2023),Sub-Saharan Africa,SSA,22.529280477279805,13.40411,9.50888524414484,34.896023,7.8715205,649,636,254,639,264,609
Croatia,2007.0,Croatia (2007),Europe & Central Asia,ECA,4.393854700836162,20.94171,16.321443312813845,64.927536,16.481403,633,633,410,633,411,611
Croatia,2013.0,Croatia (2013),Europe & Central Asia,ECA,8.74678685366496,12.027061,21.127569290345576,79.268974,24.565983,360,360,121,356,121,346
Croatia,2019.0,Croatia (2019),Europe & Central Asia,ECA,4.6961812122546975,8.613033,17.81158716378529,79.77268,20.974115,404,404,149,404,149,403
Croatia,2023.0,Croatia (2023),Europe & Central Asia,ECA,6.923677684139909,20.513048,22.279516819170592,74.16923,23.72212,474,471,145,473,147,467
Cyprus,2019.0,Cyprus (2019),Europe & Central Asia,ECA,2.890393796624532,2.613482,6.193138438419119,65.08524,29.975235,240,239,80,238,80,237
Cyprus,2024.0,Cyprus (2024),Europe & Central Asia,ECA,3.774103864166891,13.073789,12.378025839509421,79.85013,37.76189,246,246,100,246,100,241
Czechia,2009.0,Czechia (2009),Europe & Central Asia,ECA,8.229230709808439,12.813516,26.032591599514042,64.96984,43.48913,250,240,84,248,109,242
Czechia,2013.0,Czechia (2013),Europe & Central Asia,ECA,16.676076318555108,16.664942,37.3531159304569,78.313896,41.924305,254,253,113,248,113,252
Czechia,2019.0,Czechia (2019),Europe & Central Asia,ECA,6.736655336797312,14.147221,25.37053287335403,75.20981,26.687601,502,502,291,501,290,498
Czechia,2024.0,Czechia (2024),Europe & Central Asia,ECA,12.88137049360953,20.369186,32.04818107701012,89.20953,27.546051,268,268,138,266,138,265
"Congo, Dem. Rep.",2006.0,"Congo, Dem. Rep. (2006)",Sub-Saharan Africa,SSA,15.728844707546145,3.6614172,2.0114004965392254,59.853703,4.3406425,340,340,148,339,149,340
"Congo, Dem. Rep.",2010.0,"Congo, Dem. Rep. (2010)",Sub-Saharan Africa,SSA,11.083296867505041,8.557063,2.625124999258271,44.959442,8.4992895,359,358,118,358,130,344
"Congo, Dem. Rep.",2013.0,"Congo, Dem. Rep. (2013)",Sub-Saharan Africa,SSA,14.354387669577681,6.4471602,4.9221234273364285,49.69396,13.271284,529,527,237,528,241,500
"Congo, Dem. Rep.",2024.0,"Congo, Dem. Rep. (2024)",Sub-Saharan Africa,SSA,4.44111842112239,1.2527068,1.6679742412505656,29.567226,0.4285038,1025,1023,228,1024,229,1016
Denmark,2020.0,Denmark (2020),Europe & Central Asia,ECA,14.855400270300498,20.81845,28.696967259234395,95.89599,28.577597,995,983,673,993,680,951
Denmark,2025.0,Denmark (2025),Europe & Central Asia,ECA,15.132358745516072,40.936424,30.52434905758336,95.63045,26.573103,822,812,279,814,283,794
Djibouti,2013.0,Djibouti (2013),"Middle East, North Africa, Afghanistan & Pakistan",MENAAP,12.839080724088536,7.6653132,14.948157590448554,53.873455,17.279404,266,256,61,246,61,262
Djibouti,2025.0,Djibouti (2025),"Middle East, North Africa, Afghanistan & Pakistan",MENAAP,2.8926287965310795,24.39733,7.264858902570666,45.885937,4.3480415,153,153,29,153,29,151
Dominica,2010.0,Dominica (2010),Latin America & Caribbean,LAC,22.705584654031423,10.344828,29.619271040676303,55.172413,1.3213321,150,150,28,150,28,150
Dominican Republic,2010.0,Dominican Republic (2010),Latin America & Caribbean,LAC,11.813484584167382,24.097094,4.560863520841357,82.88851,11.832933,360,353,121,358,122,347
Dominican Republic,2016.0,Dominican Republic (2016),Latin America & Caribbean,LAC,4.622154944061484,17.032219,5.398247814551285,64.60197,1.59864,359,357,109,357,111,334
Ecuador,2006.0,Ecuador (2006),Latin America & Caribbean,LAC,13.676508009696084,11.067187,8.51283671692481,79.55225,18.164845,658,657,355,656,394,621
Ecuador,2010.0,Ecuador (2010),Latin America & Caribbean,LAC,12.084142162572208,13.483779,4.358928894786195,73.13391,9.657067,366,366,118,366,126,361
Ecuador,2017.0,Ecuador (2017),Latin America & Caribbean,LAC,11.979719743433977,18.341253,3.2114042891440064,80.31053,7.358601,361,361,102,361,103,340
Ecuador,2024.0,Ecuador (2024),Latin America & Caribbean,LAC,5.487540351492892,15.332792,5.779114371501455,82.18375,11.051054,345,344,129,345,130,333
Egypt,2013.0,Egypt (2013),"Middle East, North Africa, Afghanistan & Pakistan",MENAAP,7.201915223482991,4.523194,7.428115927182234,50.365746,8.620675,2897,2864,2005,2856,2016,2824
Egypt,2016.0,Egypt (2016),"Middle East, North Africa, Afghanistan & Pakistan",MENAAP,4.85997780155692,5.0760283,7.7948464634224806,39.99899,12.470882,1814,1812,1165,1807,1171,1802
Egypt,2020.0,Egypt (2020),"Middle East, North Africa, Afghanistan & Pakistan",MENAAP,4.554225437620317,3.3643134,6.311552258047877,36.974342,8.401728,3075,3073,1966,3073,1992,3054
Egypt,2025.0,Egypt (2025),"Middle East, North Africa, Afghanistan & Pakistan",MENAAP,2.038840481884729,8.408087,4.8311501354361095,32.008984,11.648594,1024,1024,500,1024,501,1018
El Salvador,2006.0,El Salvador (2006),Latin America & Caribbean,LAC,11.00539838295431,16.639318,8.239924957219483,53.72358,10.952881,693,693,436,693,470,660
El Salvador,2010.0,El Salvador (2010),Latin America & Caribbean,LAC,19.011690980393908,16.618399,15.463046358637728,84.53389,14.460831,360,358,124,359,145,340
El Salvador,2016.0,El Salvador (2016),Latin America & Caribbean,LAC,11.701717545226897,20.136564,8.552113233239298,70.57877,5.287448,719,716,402,717,404,693
El Salvador,2023.0,El Salvador (2023),Latin America & Caribbean,LAC,8.94741924773543,13.929054,13.295806014632221,62.176674,6.77748,729,726,337,729,339,707
Equatorial Guinea,2024.0,Equatorial Guinea (2024),Sub-Saharan Africa,SSA,49.07136201476842,8.410703,4.910334504061728,56.203228,11.659501,173,173,88,173,89,169
Eritrea,2009.0,Eritrea (2009),Sub-Saharan Africa,SSA,2.077909449955415,13.744362,4.870229657721669,37.03571,15.117455,179,176,78,179,102,177
Estonia,2009.0,Estonia (2009),Europe & Central Asia,ECA,10.854177385033752,25.52866,18.463783340325424,85.98838,21.230024,273,272,86,271,91,269
Estonia,2013.0,Estonia (2013),Europe & Central Asia,ECA,14.664406861350809,25.231579,28.455165527543198,89.02997,24.872957,273,267,82,270,83,267
Estonia,2019.0,Estonia (2019),Europe & Central Asia,ECA,12.302417861343374,25.624075,30.97238392402857,90.87356,16.254814,360,359,134,358,135,354
Estonia,2023.0,Estonia (2023),Europe & Central Asia,ECA,12.020612818684752,14.731012,29.626268855392958,97.12917,15.640256,351,351,128,351,129,347
Eswatini,2006.0,Eswatini (2006),Sub-Saharan Africa,SSA,37.05026649697812,12.8534155,9.038891664358111,69.127884,22.084858,307,307,70,307,70,307
Eswatini,2016.0,Eswatini (2016),Sub-Saharan Africa,SSA,19.840608021156733,6.357466,10.541997472415296,60.685127,15.928075,150,126,71,143,72,131
Eswatini,2024.0,Eswatini (2024),Sub-Saharan Africa,SSA,6.704431170515053,2.266851,7.7307152989190495,8.605777,19.62195,156,156,51,156,51,149
Ethiopia,2011.0,Ethiopia (2011),Sub-Saharan Africa,SSA,5.128444652779422,42.669537,3.942584436324046,32.655376,13.607235,644,557,263,642,320,634
Ethiopia,2015.0,Ethiopia (2015),Sub-Saharan Africa,SSA,6.531822524786751,7.7103467,7.181401301028674,41.232224,4.332118,848,846,372,842,383,832
Ethiopia,2025.0,Ethiopia (2025),Sub-Saharan Africa,SSA,1.8640207566535152,5.411067,4.833257988108448,67.83003,2.684256,1011,1011,387,1011,387,1005
Somalia,2025.0,Somalia (2025),Sub-Saharan Africa,SSA,1.9530819913942632,21.854414,3.9109268915415196,71.46054,0.8749189,241,241,79,241,79,241
Fiji,2009.0,Fiji (2009),East Asia & Pacific,EAP,11.27632370505589,20.30334,13.767009452437309,72.00869,22.848732,164,158,47,155,48,149
Fiji,2025.0,Fiji (2025),East Asia & Pacific,EAP,8.047070781979308,47.63903,19.18713226020373,87.90832,6.143003,151,151,36,147,36,140
Finland,2020.0,Finland (2020),Europe & Central Asia,ECA,12.483859305178894,28.36186,22.6539379225657,87.416725,23.734732,759,756,481,755,486,740
France,2021.0,France (2021),Europe & Central Asia,ECA,6.837959293421787,7.5978017,12.171670666747152,80.42503,16.0366,1566,1528,817,1546,818,1506
Gabon,2009.0,Gabon (2009),Sub-Saharan Africa,SSA,61.363696361447786,3.9003618,6.837365177726864,82.25345,18.613262,179,179,37,172,33,166
Gabon,2025.0,Gabon (2025),Sub-Saharan Africa,SSA,43.807946211805756,9.785013,6.7698590788866895,47.56952,9.3281975,151,142,29,147,31,139
Gambia,2006.0,Gambia (2006),Sub-Saharan Africa,SSA,30.632063363810918,3.9752438,4.683968141143258,63.175434,22.1599,174,174,33,174,33,174
Gambia,2018.0,Gambia (2018),Sub-Saharan Africa,SSA,14.962682646417935,14.60254,6.172188206973797,57.00519,17.656769,151,151,63,150,76,148
Gambia,2023.0,Gambia (2023),Sub-Saharan Africa,SSA,17.59476122380329,2.1944356,12.150275539142145,47.500736,0.57104176,162,161,76,161,76,157
Georgia,2008.0,Georgia (2008),Europe & Central Asia,ECA,8.917111787587684,17.247229,5.525863382085936,52.55505,16.035652,373,369,118,372,122,363
Georgia,2013.0,Georgia (2013),Europe & Central Asia,ECA,5.973693805006668,21.838821,2.544140388374367,57.495773,8.111856,360,359,111,360,111,359
Georgia,2019.0,Georgia (2019),Europe & Central Asia,ECA,6.861887627269153,11.28952,11.875465714226205,79.12355,5.6059785,581,580,203,576,205,554
Georgia,2023.0,Georgia (2023),Europe & Central Asia,ECA,7.5053405393748145,8.818765,10.91441864602624,82.86807,8.988571,592,591,226,590,226,573
Germany,2021.0,Germany (2021),Europe & Central Asia,ECA,4.824089662242288,9.61409,21.28478239967824,72.339905,28.468689,1694,1691,665,1684,673,1665
Germany,2025.0,Germany (2025),Europe & Central Asia,ECA,2.292288534534401,35.798218,20.65409967316757,67.2192,32.301884,1963,1961,779,1962,782,1956
Ghana,2007.0,Ghana (2007),Sub-Saharan Africa,SSA,6.261639989189222,11.690538,8.826705673089425,58.895977,6.7499256,494,494,292,494,292,494
Ghana,2013.0,Ghana (2013),Sub-Saharan Africa,SSA,15.904686968973197,14.5361,7.954832161266704,73.39407,9.169649,720,719,369,717,377,698
Ghana,2023.0,Ghana (2023),Sub-Saharan Africa,SSA,11.189393684599848,15.216723,9.050719097045457,62.294548,7.731718,713,708,229,695,232,686
Greece,2018.0,Greece (2018),Europe & Central Asia,ECA,7.035564205354601,9.261773,15.672585238348526,77.55818,45.380074,600,596,314,600,315,579
Greece,2023.0,Greece (2023),Europe & Central Asia,ECA,6.408611698782532,10.3472395,27.575128916809106,58.78063,44.501324,598,598,234,598,234,584
Grenada,2010.0,Grenada (2010),Latin America & Caribbean,LAC,15.878337511300966,15.226076,6.363665390307623,92.099045,32.600384,153,151,24,152,25,141
Guatemala,2006.0,Guatemala (2006),Latin America & Caribbean,LAC,6.91349562787036,20.632168,8.434023744645389,66.88125,7.962212,522,521,312,522,328,503
Guatemala,2010.0,Guatemala (2010),Latin America & Caribbean,LAC,6.049186332550714,9.873997,12.494574551579953,52.21775,11.887054,590,589,340,590,356,567
Guatemala,2017.0,Guatemala (2017),Latin America & Caribbean,LAC,9.023430772446613,12.060865,6.170124353305596,61.799335,7.392323,345,342,141,344,143,332
Guinea,2006.0,Guinea (2006),Sub-Saharan Africa,SSA,9.907008966734782,5.483584,5.754010196376763,67.42979,5.175624,223,223,135,223,135,216
Guinea,2016.0,Guinea (2016),Sub-Saharan Africa,SSA,7.270904448119156,16.589563,1.7136457477194686,83.52505,0.6991079,150,149,26,142,25,132
Guinea,2025.0,Guinea (2025),Sub-Saharan Africa,SSA,14.199478516483827,1.5597806,0.40152282808518247,87.1547,10.225894,160,160,65,160,65,160
Guinea-Bissau,2006.0,Guinea-Bissau (2006),Sub-Saharan Africa,SSA,9.24237766923813,5.8624406,3.2571955521745646,70.74935,8.363624,159,159,50,159,50,158
Guinea-Bissau,2025.0,Guinea-Bissau (2025),Sub-Saharan Africa,SSA,11.629365675906762,14.326,7.797807417036317,53.13775,1.5770723,153,153,26,153,26,152
Guyana,2010.0,Guyana (2010),Latin America & Caribbean,LAC,24.68551654618687,17.439655,19.45406823260262,86.428406,29.494766,165,164,72,163,72,156
Honduras,2006.0,Honduras (2006),Latin America & Caribbean,LAC,17.25962278361913,9.211932,7.757828163184062,63.449203,16.47101,436,436,260,436,263,404
Honduras,2010.0,Honduras (2010),Latin America & Caribbean,LAC,3.7173890991952363,29.960554,1.0275158147777594,41.889046,16.32474,360,357,142,357,190,350
Honduras,2016.0,Honduras (2016),Latin America & Caribbean,LAC,8.343366168860939,10.668988,5.834762291189119,81.47247,10.7893095,332,330,89,330,92,325
"Hong Kong SAR, China",2023.0,"Hong Kong SAR, China (2023)",East Asia & Pacific,EAP,13.35292896954518,10.443989,13.184322001771283,58.90839,20.07595,598,571,91,583,91,521
Hungary,2009.0,Hungary (2009),Europe & Central Asia,ECA,13.202874534756745,12.843709,18.167428597913638,50.351536,39.403664,291,290,98,291,116,286
Hungary,2013.0,Hungary (2013),Europe & Central Asia,ECA,7.339348086327513,10.364484,12.92214514766053,62.438362,49.741817,310,300,98,299,96,304
Hungary,2019.0,Hungary (2019),Europe & Central Asia,ECA,4.9018621705687115,14.214452,18.238853903634254,70.54119,28.333786,805,805,480,803,480,801
Hungary,2023.0,Hungary (2023),Europe & Central Asia,ECA,6.913348848190261,12.698179,11.13784755576772,79.80916,31.109417,831,831,401,828,402,822
Iceland,2024.0,Iceland (2024),Europe & Central Asia,ECA,9.386427549550962,35.682457,14.056625203172993,94.609985,26.61635,361,359,65,360,65,356
India,2014.0,India (2014),South Asia,SAR,1.3144576631897635,9.383094,6.915057163057169,17.360718,27.518887,9281,9281,7105,9281,7163,9176
India,2022.0,India (2022),South Asia,SAR,0.6518176802434281,5.4062524,8.466834726550777,13.316105,12.685606,9376,9359,5217,9341,5402,9301
Indonesia,2009.0,Indonesia (2009),East Asia & Pacific,EAP,1.748257756998214,4.009843,2.419471624904026,7.512074,2.8781507,1444,1437,1153,1439,1185,1404
Indonesia,2015.0,Indonesia (2015),East Asia & Pacific,EAP,4.410332090782205,23.712523,6.405982731147077,12.302952,5.390863,1320,1320,1069,1320,1069,1306
Indonesia,2023.0,Indonesia (2023),East Asia & Pacific,EAP,1.7514257148875538,10.263295,4.678872580553706,14.184774,5.3373876,2955,2380,1313,2298,1177,2632
Iraq,2011.0,Iraq (2011),"Middle East, North Africa, Afghanistan & Pakistan",MENAAP,0.2047792241923127,3.419004,0.5916852558654515,41.73753,4.153834,756,756,471,756,475,744
Iraq,2022.0,Iraq (2022),"Middle East, North Africa, Afghanistan & Pakistan",MENAAP,0.6964090384307885,17.379904,3.42133195061518,51.79063,7.9882026,1019,981,349,946,370,981
Ireland,2020.0,Ireland (2020),Europe & Central Asia,ECA,4.6121588933395845,17.225945,13.912473253595245,84.4783,41.65054,606,606,177,606,178,600
Ireland,2024.0,Ireland (2024),Europe & Central Asia,ECA,4.377896765048601,31.371841,9.595032193180174,81.58714,39.414154,609,609,130,609,130,603
Israel,2013.0,Israel (2013),"Middle East, North Africa, Afghanistan & Pakistan",MENAAP,4.909148646914047,1.926132,12.740597822998026,69.746765,33.048664,483,482,201,482,201,482
Israel,2024.0,Israel (2024),"Middle East, North Africa, Afghanistan & Pakistan",MENAAP,2.1695764467456957,5.8196864,5.086764116769783,80.708244,21.667534,388,388,127,388,128,386
Italy,2019.0,Italy (2019),Europe & Central Asia,ECA,1.9142691005728403,4.4655647,11.890112484314894,57.580124,57.909416,760,740,458,741,453,758
Italy,2024.0,Italy (2024),Europe & Central Asia,ECA,2.913398571698274,5.4651794,23.768987423827568,68.06885,45.345276,1216,1213,580,1215,584,1201
Jamaica,2010.0,Jamaica (2010),Latin America & Caribbean,LAC,9.009589845240633,14.605238,6.503658361829083,77.83317,16.501268,376,351,118,373,121,346
Jamaica,2024.0,Jamaica (2024),Latin America & Caribbean,LAC,21.479318603173468,10.719403,5.075050524919192,74.98399,8.176247,215,213,53,213,53,210
Jordan,2013.0,Jordan (2013),"Middle East, North Africa, Afghanistan & Pakistan",MENAAP,5.086354733699363,8.7258415,24.98582777042844,69.33605,6.7912946,573,572,332,573,335,549
Jordan,2019.0,Jordan (2019),"Middle East, North Africa, Afghanistan & Pakistan",MENAAP,5.436787620221963,75.63259,23.196912750428293,88.44696,26.03798,601,595,284,586,288,579
Jordan,2024.0,Jordan (2024),"Middle East, North Africa, Afghanistan & Pakistan",MENAAP,13.506741459373552,2.1401958,24.069268389776493,85.03987,17.843403,592,592,275,591,275,588
Kazakhstan,2009.0,Kazakhstan (2009),Europe & Central Asia,ECA,4.440484824794485,14.531507,1.986851691374851,41.873405,10.843461,544,543,173,544,184,528
Kazakhstan,2013.0,Kazakhstan (2013),Europe & Central Asia,ECA,3.6272133846085812,9.774683,1.5706773901547892,62.579376,15.943609,600,598,199,596,202,585
Kazakhstan,2019.0,Kazakhstan (2019),Europe & Central Asia,ECA,1.3631479786190333,10.510875,3.9106857003901214,60.694134,5.9829254,1446,1415,917,1427,914,1409
Kazakhstan,2024.0,Kazakhstan (2024),Europe & Central Asia,ECA,12.051671617037897,23.58458,2.313552348039093,65.154335,17.062868,1013,1013,525,1013,526,1010
Kenya,2007.0,Kenya (2007),Sub-Saharan Africa,SSA,7.364677342605486,16.267912,7.21161832188737,67.27777,9.810245,657,657,396,657,396,656
Kenya,2013.0,Kenya (2013),Sub-Saharan Africa,SSA,9.98974752712515,20.14163,21.1716242293585,71.03342,22.1055,781,768,407,759,412,734
Kenya,2018.0,Kenya (2018),Sub-Saharan Africa,SSA,9.79715460756965,19.931244,12.156007913648397,74.122795,12.932094,1001,997,455,997,455,977
Kenya,2025.0,Kenya (2025),Sub-Saharan Africa,SSA,4.836755987088038,23.937113,17.209539636070545,48.618515,12.949525,1024,1024,366,1024,366,1010
Kiribati,2025.0,Kiribati (2025),East Asia & Pacific,EAP,0.17161021181984032,0.0,4.346364348848475,13.776396,0.39324966,150,150,12,150,12,147
"Korea, Rep.",2024.0,"Korea, Rep. (2024)",East Asia & Pacific,EAP,1.424900039209874,4.30312,4.942411848704238,47.595436,15.868032,1518,1512,865,1516,873,1510
Kosovo,2009.0,Kosovo (2009),Europe & Central Asia,ECA,0.0,20.53677,10.286825861323749,73.34658,7.886562,270,269,90,270,103,259
Kosovo,2013.0,Kosovo (2013),Europe & Central Asia,ECA,0.7126866602538637,33.397896,11.984191445329405,84.616554,31.862932,202,202,72,201,73,197
Kosovo,2019.0,Kosovo (2019),Europe & Central Asia,ECA,1.2826116728055967,31.065603,20.66379992841246,84.41156,9.00953,271,267,146,221,131,235
Kosovo,2025.0,Kosovo (2025),Europe & Central Asia,ECA,1.3543928389950373,49.185677,17.370925658039813,81.35052,17.354546,269,269,135,269,135,267
Kuwait,2025.0,Kuwait (2025),"Middle East, North Africa, Afghanistan & Pakistan",MENAAP,0.0,0.85753155,0.029406433462478163,59.610123,4.2930613,150,150,55,150,56,149
Kyrgyz Republic,2009.0,Kyrgyz Republic (2009),Europe & Central Asia,ECA,16.76439069810981,19.479101,9.180892898390274,57.08974,16.221167,235,234,92,235,94,229
Kyrgyz Republic,2013.0,Kyrgyz Republic (2013),Europe & Central Asia,ECA,24.487828613497058,18.019957,9.547906635261125,76.74219,26.30196,270,270,103,270,104,266
Kyrgyz Republic,2019.0,Kyrgyz Republic (2019),Europe & Central Asia,ECA,19.367220498011147,20.94413,9.879109619302898,82.24465,12.47148,360,358,146,359,146,349
Kyrgyz Republic,2023.0,Kyrgyz Republic (2023),Europe & Central Asia,ECA,11.341533823435716,15.293774,16.060131562611506,88.643936,7.616667,354,354,155,354,155,348
Lao PDR,2009.0,Lao PDR (2009),East Asia & Pacific,EAP,5.779865692619579,,2.170224601191832,34.897938,7.1851416,360,359,0,360,147,340
Lao PDR,2012.0,Lao PDR (2012),East Asia & Pacific,EAP,8.974810210230002,17.44235,18.619174562003245,71.434616,11.647352,270,268,90,269,96,261
Lao PDR,2016.0,Lao PDR (2016),East Asia & Pacific,EAP,7.333044013085334,6.7236037,2.850455362569216,19.90207,1.0252728,368,368,110,368,110,360
Lao PDR,2018.0,Lao PDR (2018),East Asia & Pacific,EAP,9.467664223019737,5.952024,11.132596026291852,42.750473,1.6898963,332,331,142,331,142,330
Lao PDR,2024.0,Lao PDR (2024),East Asia & Pacific,EAP,2.3106393195982275,12.877755,18.129796480351505,64.1925,1.3308021,363,363,150,363,150,360
Latvia,2009.0,Latvia (2009),Europe & Central Asia,ECA,10.64286690210672,29.01056,15.801356959441385,66.05464,18.215366,271,271,86,271,92,262
Latvia,2013.0,Latvia (2013),Europe & Central Asia,ECA,10.74504502280568,13.910521,22.60534260807047,77.5572,21.642279,336,328,117,330,117,326
Latvia,2019.0,Latvia (2019),Europe & Central Asia,ECA,17.030735067695417,23.289726,27.62490300687594,82.67212,22.145458,359,344,130,354,130,351
Latvia,2024.0,Latvia (2024),Europe & Central Asia,ECA,12.261718089039,8.062045,25.60081521396893,90.8106,17.613087,360,360,122,360,122,359
Lebanon,2013.0,Lebanon (2013),"Middle East, North Africa, Afghanistan & Pakistan",MENAAP,2.8656516207553215,4.3440843,31.75008045895401,76.750656,13.126003,561,529,239,526,239,548
Lebanon,2019.0,Lebanon (2019),"Middle East, North Africa, Afghanistan & Pakistan",MENAAP,1.1736029760929296,15.983407,19.413907275951672,68.40312,11.707398,532,530,268,530,268,532
Lesotho,2009.0,Lesotho (2009),Sub-Saharan Africa,SSA,31.136875205134128,17.265451,6.476971500649056,69.496826,24.665152,151,151,60,146,61,135
Lesotho,2016.0,Lesotho (2016),Sub-Saharan Africa,SSA,14.970950466516298,25.457468,9.839793509030203,73.44149,2.5010853,150,135,76,148,76,128
Lesotho,2023.0,Lesotho (2023),Sub-Saharan Africa,SSA,29.340508008393023,19.598616,17.749860159470895,75.65973,5.2916894,150,149,56,150,57,146
Liberia,2009.0,Liberia (2009),Sub-Saharan Africa,SSA,10.66159442643562,7.540095,0.0,52.177334,2.38281,150,150,68,150,73,150
Liberia,2017.0,Liberia (2017),Sub-Saharan Africa,SSA,23.03652536621945,7.047048,3.0637656365263095,54.986454,0.066086955,151,151,74,151,75,150
Liberia,2025.0,Liberia (2025),Sub-Saharan Africa,SSA,13.103329189251372,0.9769873,8.641594734476884,78.752335,0.82686234,158,158,76,156,76,153
Lithuania,2009.0,Lithuania (2009),Europe & Central Asia,ECA,7.839877517068944,25.294949,19.137640315629653,68.59962,15.592757,276,275,92,275,101,270
Lithuania,2013.0,Lithuania (2013),Europe & Central Asia,ECA,8.636457144439001,17.550344,24.064429679679918,79.62155,18.427423,270,251,104,255,102,263
Lithuania,2019.0,Lithuania (2019),Europe & Central Asia,ECA,8.30004460637178,8.80651,20.669833674986858,84.42256,7.657078,358,357,128,356,127,354
Luxembourg,2020.0,Luxembourg (2020),Europe & Central Asia,ECA,49.91693633771462,22.829561,44.946799703306,100.0,31.978262,170,168,37,168,37,158
Madagascar,2009.0,Madagascar (2009),Sub-Saharan Africa,SSA,35.85902947638106,13.972502,9.196285728541346,70.3591,8.647773,445,445,203,444,203,437
Madagascar,2013.0,Madagascar (2013),Sub-Saharan Africa,SSA,20.385450978190246,17.737898,16.807443871212815,44.26266,15.352039,532,518,252,394,262,387
Madagascar,2022.0,Madagascar (2022),Sub-Saharan Africa,SSA,9.398294806319587,10.188262,3.093575827847023,47.01446,6.7200923,402,389,111,393,126,375
Malawi,2009.0,Malawi (2009),Sub-Saharan Africa,SSA,24.528273581175323,18.268051,3.880231231365587,56.727825,17.925276,150,150,73,149,74,142
Malawi,2014.0,Malawi (2014),Sub-Saharan Africa,SSA,20.630000071404105,21.464958,7.952496643490066,29.09449,18.785793,523,456,73,462,171,487
Malawi,2025.0,Malawi (2025),Sub-Saharan Africa,SSA,9.288394411721388,8.766859,6.262521278550041,57.81752,1.4360702,153,153,65,153,65,149
Malaysia,2015.0,Malaysia (2015),East Asia & Pacific,EAP,4.585701527176058,23.02626,11.213616690787747,73.45359,14.008241,1000,1000,564,975,577,936
Malaysia,2019.0,Malaysia (2019),East Asia & Pacific,EAP,6.17386929771113,6.484515,7.5696270957135825,49.038406,11.005898,1221,1189,687,1189,703,1177
Malaysia,2024.0,Malaysia (2024),East Asia & Pacific,EAP,9.445474458001023,19.039198,10.562292205087752,60.548573,17.846827,979,974,219,975,220,962
Maldives,2025.0,Maldives (2025),South Asia,SAR,5.065528655935859,38.307907,3.1072493373093217,61.49776,14.846964,154,154,27,153,27,151
Mali,2007.0,Mali (2007),Sub-Saharan Africa,SSA,6.66531444217492,7.5736055,5.45182065679881,49.435966,8.556008,490,490,301,490,301,480
Mali,2010.0,Mali (2010),Sub-Saharan Africa,SSA,12.586170678049594,9.071467,5.24855721388449,33.46106,24.805412,360,344,105,342,154,332
Mali,2016.0,Mali (2016),Sub-Saharan Africa,SSA,28.33455934166703,16.464104,9.47711056861544,84.17678,3.5863822,185,185,95,185,99,157
Mali,2024.0,Mali (2024),Sub-Saharan Africa,SSA,3.442505043016249,0.8227419,3.8337279287516473,32.8853,0.34562352,392,392,140,391,140,392
Malta,2019.0,Malta (2019),"Middle East, North Africa, Afghanistan & Pakistan",MENAAP,8.163829859801803,22.637554,20.16624576401791,86.06498,22.917564,242,241,82,242,83,229
Malta,2024.0,Malta (2024),"Middle East, North Africa, Afghanistan & Pakistan",MENAAP,8.718212428775166,36.37471,15.402628608807376,89.47825,23.091133,241,241,62,241,63,227
Mauritania,2006.0,Mauritania (2006),Sub-Saharan Africa,SSA,11.595471223930838,8.025631,5.6637312716650134,75.72287,5.856833,237,237,80,237,80,236
Mauritania,2014.0,Mauritania (2014),Sub-Saharan Africa,SSA,12.411867093103355,8.488224,18.404134761370585,87.17636,16.156124,150,148,50,148,52,147
Mauritania,2025.0,Mauritania (2025),Sub-Saharan Africa,SSA,6.124454442408875,35.6916,6.825156854846029,45.954277,1.918881,163,163,23,163,23,160
Mauritius,2009.0,Mauritius (2009),Sub-Saharan Africa,SSA,9.29576460119854,14.571989,7.042900956718014,30.96765,11.1415825,398,388,144,393,223,385
Mauritius,2023.0,Mauritius (2023),Sub-Saharan Africa,SSA,9.436308194282024,22.449675,14.743913446151458,86.46032,16.394808,353,351,116,352,116,341
Mexico,2006.0,Mexico (2006),Latin America & Caribbean,LAC,7.250209168325021,6.3672915,1.5546663693548646,13.124485,20.266378,1480,1480,1105,1480,1161,1433
Mexico,2010.0,Mexico (2010),Latin America & Caribbean,LAC,6.401126105001309,10.683077,4.363544402734335,31.274965,24.044071,1480,1478,1138,1480,1175,1430
Mexico,2023.0,Mexico (2023),Latin America & Caribbean,LAC,3.618349163217643,11.206553,1.1776567893312249,29.083115,6.451534,1322,1322,661,1322,669,1294
"Micronesia, Fed. Sts.",2009.0,"Micronesia, Fed. Sts. (2009)",East Asia & Pacific,EAP,25.076221886854817,0.0,8.958038623861436,68.33033,6.0270767,68,68,9,68,9,64
Moldova,2009.0,Moldova (2009),Europe & Central Asia,ECA,5.338620554291674,14.10679,10.544018847956458,73.597046,9.119004,363,363,100,363,108,353
Moldova,2013.0,Moldova (2013),Europe & Central Asia,ECA,7.668986914860196,22.576479,5.597547447922833,53.848625,12.807224,360,358,109,356,109,347
Moldova,2019.0,Moldova (2019),Europe & Central Asia,ECA,5.680500178622708,11.342775,12.08851697347632,89.761475,8.640169,360,359,136,359,138,352
Moldova,2024.0,Moldova (2024),Europe & Central Asia,ECA,6.725371577156094,5.385888,11.938236859100423,81.42063,15.839942,152,151,72,152,76,147
Mongolia,2009.0,Mongolia (2009),East Asia & Pacific,EAP,8.65028725783466,23.608915,4.785658956168904,74.275795,16.69238,362,362,129,362,130,353
Mongolia,2013.0,Mongolia (2013),East Asia & Pacific,EAP,6.809517894533467,15.511998,4.170719598114343,45.94701,11.3633,360,360,113,358,115,354
Mongolia,2019.0,Mongolia (2019),East Asia & Pacific,EAP,8.374215183642363,1.6991757,3.50177012367386,45.10225,4.272958,360,360,124,360,124,359
Mongolia,2025.0,Mongolia (2025),East Asia & Pacific,EAP,6.05544792113939,7.978029,8.036519954746275,69.585976,7.6643295,601,600,244,601,245,595
Montenegro,2009.0,Montenegro (2009),Europe & Central Asia,ECA,4.216473047669859,17.185562,6.881918214414866,63.528503,12.956503,116,116,33,116,38,106
Montenegro,2013.0,Montenegro (2013),Europe & Central Asia,ECA,3.913051372535676,6.388471,10.560667631383712,67.05667,10.524258,150,150,50,145,49,147
Montenegro,2019.0,Montenegro (2019),Europe & Central Asia,ECA,4.95600225199821,30.578327,6.4750687451236955,98.07526,20.544863,150,150,65,150,65,142
Montenegro,2023.0,Montenegro (2023),Europe & Central Asia,ECA,8.273727576015915,3.4775488,9.84601056934525,93.7299,20.352076,151,151,69,150,69,146
Morocco,2013.0,Morocco (2013),"Middle East, North Africa, Afghanistan & Pakistan",MENAAP,12.034296824020798,18.50752,11.941507449250805,66.26905,18.18941,407,398,187,392,184,382
Morocco,2019.0,Morocco (2019),"Middle East, North Africa, Afghanistan & Pakistan",MENAAP,19.358810038714243,25.989288,19.90286545243814,54.899715,3.099844,1096,943,430,973,437,991
Morocco,2023.0,Morocco (2023),"Middle East, North Africa, Afghanistan & Pakistan",MENAAP,12.682013012502072,27.246618,15.209841791980047,54.93005,9.603566,598,565,295,573,307,538
Mozambique,2007.0,Mozambique (2007),Sub-Saharan Africa,SSA,21.494839698389388,33.59483,5.924458758689,30.120377,18.72484,479,479,341,479,341,455
Mozambique,2018.0,Mozambique (2018),Sub-Saharan Africa,SSA,23.000783520973453,20.726582,12.21290038670193,42.785397,12.540887,601,599,287,597,284,590
Mozambique,2025.0,Mozambique (2025),Sub-Saharan Africa,SSA,15.832505099412591,15.723003,8.694297185993134,38.233562,14.9389,621,621,180,621,182,610
Myanmar,2014.0,Myanmar (2014),East Asia & Pacific,EAP,0.8244836462433602,6.0667453,3.7819369617202905,34.055035,1.7241492,632,632,348,632,353,624
Myanmar,2016.0,Myanmar (2016),East Asia & Pacific,EAP,1.4700085213499516,4.041332,4.545271457884244,31.779974,3.5302863,607,607,365,607,367,596
Namibia,2006.0,Namibia (2006),Sub-Saharan Africa,SSA,22.11767170204379,18.507774,3.0238072716760938,86.06406,17.585451,329,329,106,329,106,327
Namibia,2014.0,Namibia (2014),Sub-Saharan Africa,SSA,10.233178514648749,22.363495,4.27479753828184,29.792006,8.296459,580,539,151,527,175,537
Namibia,2024.0,Namibia (2024),Sub-Saharan Africa,SSA,20.20207089923631,9.630689,6.783767251153663,55.738968,14.976322,307,292,73,304,73,276
Nepal,2009.0,Nepal (2009),South Asia,SAR,1.954948013345154,0.54527086,2.789923711327213,68.77197,3.1426237,368,368,136,368,138,363
Nepal,2013.0,Nepal (2013),South Asia,SAR,0.10256729576623046,1.5733898,4.31311288850843,48.632137,8.162381,482,482,241,482,242,478
Nepal,2023.0,Nepal (2023),South Asia,SAR,1.3777248658436516,1.4304703,11.02284017810832,77.51805,4.659758,582,582,215,582,215,581
Netherlands,2020.0,Netherlands (2020),Europe & Central Asia,ECA,10.22392175480999,23.080517,31.91268862794885,90.39896,44.43226,808,808,347,805,347,792
New Zealand,2023.0,New Zealand (2023),East Asia & Pacific,EAP,3.872237418828276,25.384375,9.616162741056943,86.0238,6.2738724,358,356,93,357,95,332
Nicaragua,2006.0,Nicaragua (2006),Latin America & Caribbean,LAC,15.055578955238424,5.834008,3.268102674590994,42.979687,18.706633,478,476,350,478,365,468
Nicaragua,2010.0,Nicaragua (2010),Latin America & Caribbean,LAC,10.067958914155295,6.7178545,4.784342275478308,44.03927,15.467288,336,334,117,335,145,331
Nicaragua,2016.0,Nicaragua (2016),Latin America & Caribbean,LAC,10.701343194221554,11.983395,2.8918255955294887,62.67838,3.6927032,333,330,108,333,110,321
Niger,2009.0,Niger (2009),Sub-Saharan Africa,SSA,19.95179704647988,2.6306548,2.8483780252132203,49.197353,4.5634055,150,150,43,149,62,142
Niger,2017.0,Niger (2017),Sub-Saharan Africa,SSA,9.647658301775854,3.5463805,5.430035680239828,75.61414,9.137717,151,138,41,143,40,146
Niger,2025.0,Niger (2025),Sub-Saharan Africa,SSA,11.898774745802655,3.9825513,3.3710728714539546,53.644924,0.7583995,156,156,56,154,56,149
Nigeria,2007.0,Nigeria (2007),Sub-Saharan Africa,SSA,0.8326187553762203,10.647853,1.281836895870683,28.961245,8.490312,1891,1891,948,1891,948,1797
Nigeria,2014.0,Nigeria (2014),Sub-Saharan Africa,SSA,9.247492468571696,6.536702,15.207610682091055,35.19707,7.0714564,2676,2482,986,2300,1262,2473
Nigeria,2025.0,Nigeria (2025),Sub-Saharan Africa,SSA,5.024539010086869,14.954794,3.917859214179257,31.37775,8.728874,1043,1041,431,1040,430,1028
North Macedonia,2009.0,North Macedonia (2009),Europe & Central Asia,ECA,8.138338929661215,41.011982,23.927600581319044,81.917206,21.455263,366,365,114,366,129,331
North Macedonia,2013.0,North Macedonia (2013),Europe & Central Asia,ECA,8.363891116087888,12.931962,14.006163402871099,67.95953,29.907635,360,360,125,358,125,352
North Macedonia,2019.0,North Macedonia (2019),Europe & Central Asia,ECA,3.0000738073301982,13.661811,19.399074631098994,71.28011,17.799438,360,359,133,359,133,351
North Macedonia,2023.0,North Macedonia (2023),Europe & Central Asia,ECA,4.026367218693572,40.99743,23.50145398174092,86.98874,26.867336,354,353,118,353,120,347
Pakistan,2007.0,Pakistan (2007),"Middle East, North Africa, Afghanistan & Pakistan",MENAAP,0.7476534406739462,2.6992922,10.112374074812323,23.776064,9.597397,935,931,777,847,766,923
Pakistan,2013.0,Pakistan (2013),"Middle East, North Africa, Afghanistan & Pakistan",MENAAP,1.4437574838865737,22.074896,10.52242203895221,29.447115,35.763016,1247,1246,974,1247,1025,1157
Pakistan,2022.0,Pakistan (2022),"Middle East, North Africa, Afghanistan & Pakistan",MENAAP,0.7292929704326406,4.9036436,8.284077497351767,26.926056,19.63676,1300,1300,840,1299,849,1259
Panama,2006.0,Panama (2006),Latin America & Caribbean,LAC,11.194098430316757,15.384788,17.424591549621447,71.12303,14.742615,604,604,239,603,314,587
Panama,2010.0,Panama (2010),Latin America & Caribbean,LAC,24.591756440824746,31.497522,4.508898687560098,31.08123,22.505928,365,362,111,362,119,344
Papua New Guinea,2015.0,Papua New Guinea (2015),East Asia & Pacific,EAP,73.31292870214362,34.497257,4.163515983102758,88.455376,23.760118,65,65,23,65,27,63
Papua New Guinea,2024.0,Papua New Guinea (2024),East Asia & Pacific,EAP,38.24957259750444,38.176697,7.148444013619043,77.74945,38.39257,145,140,30,135,31,125
Paraguay,2006.0,Paraguay (2006),Latin America & Caribbean,LAC,11.207991919385986,11.779103,10.840828996788572,79.61942,7.053636,613,610,379,611,438,612
Paraguay,2010.0,Paraguay (2010),Latin America & Caribbean,LAC,9.843236119261043,10.015699,10.113033661369215,50.418236,15.022759,361,360,112,361,170,345
Paraguay,2017.0,Paraguay (2017),Latin America & Caribbean,LAC,7.6486496841087135,7.419352,4.594087440257956,77.17786,9.950428,364,364,117,364,117,349
Paraguay,2023.0,Paraguay (2023),Latin America & Caribbean,LAC,7.062465988210853,24.250765,7.26751300136827,61.374336,10.821151,378,377,106,378,107,367
Peru,2006.0,Peru (2006),Latin America & Caribbean,LAC,10.10939153092334,9.952638,16.47249231295919,83.931854,14.630711,632,632,360,632,361,630
Peru,2010.0,Peru (2010),Latin America & Caribbean,LAC,4.966031476346919,7.7311025,8.749665311363644,84.766846,14.1689625,1000,999,759,1000,760,952
Peru,2017.0,Peru (2017),Latin America & Caribbean,LAC,8.950178583784504,11.810945,12.033326914775365,83.804306,16.988997,1003,1003,549,1003,551,994
Peru,2023.0,Peru (2023),Latin America & Caribbean,LAC,11.241574432580808,13.280472,6.280935352807732,86.555695,10.452097,987,985,446,987,450,959
Philippines,2009.0,Philippines (2009),East Asia & Pacific,EAP,13.317194264006504,17.387863,6.834581101519821,53.682,15.663301,1326,1323,928,1324,985,1283
Philippines,2015.0,Philippines (2015),East Asia & Pacific,EAP,13.668160849854239,11.210975,7.083894291503731,49.95513,8.845722,1335,1328,958,1331,1037,1219
Philippines,2023.0,Philippines (2023),East Asia & Pacific,EAP,5.194912174905399,4.8974895,2.8119787398397333,18.437897,7.3286743,1002,997,418,998,430,962
Poland,2009.0,Poland (2009),Europe & Central Asia,ECA,5.910682868830407,6.9077215,12.483806727176022,56.612907,17.286846,455,434,144,455,152,439
Poland,2013.0,Poland (2013),Europe & Central Asia,ECA,6.811069143264225,20.70403,15.949443461186217,60.97514,32.2165,542,531,188,533,190,535
Poland,2019.0,Poland (2019),Europe & Central Asia,ECA,0.6191358194953239,12.0495205,5.793650829155334,42.112793,4.7581534,1369,1310,974,1297,974,1331
Poland,2025.0,Poland (2025),Europe & Central Asia,ECA,2.8175009553713495,10.209874,5.216150826620434,50.05617,5.5100956,1725,1709,732,1700,727,1712
Portugal,2019.0,Portugal (2019),Europe & Central Asia,ECA,4.431651750216892,22.526743,9.47330707581038,67.18722,10.229654,1062,1059,772,1062,775,1054
Portugal,2023.0,Portugal (2023),Europe & Central Asia,ECA,4.655473585481009,16.144081,13.501299529021995,60.720325,14.744614,1007,1006,440,1005,442,995
Qatar,2025.0,Qatar (2025),"Middle East, North Africa, Afghanistan & Pakistan",MENAAP,14.194027069472284,98.41157,0.8768186112902787,99.27196,6.910969,480,480,104,480,104,479
Romania,2009.0,Romania (2009),Europe & Central Asia,ECA,8.310874032873478,14.168935,7.432773234107071,47.12194,26.1262,541,515,169,527,189,510
Romania,2013.0,Romania (2013),Europe & Central Asia,ECA,13.413963430366643,15.595129,13.393934873225493,79.77873,33.713516,540,538,174,538,175,532
Romania,2019.0,Romania (2019),Europe & Central Asia,ECA,4.479251306004847,17.448538,10.670268902023095,66.76506,30.838486,814,811,517,813,518,800
Romania,2023.0,Romania (2023),Europe & Central Asia,ECA,4.382017447425524,22.59407,10.95102707499163,61.675762,29.903942,947,945,493,947,493,935
Russian Federation,2009.0,Russian Federation (2009),Europe & Central Asia,ECA,3.9762635400433384,24.77048,3.325679721558224,36.419743,11.691371,1004,996,595,1003,708,985
Russian Federation,2012.0,Russian Federation (2012),Europe & Central Asia,ECA,5.91504722991891,11.2360935,5.193026588416941,63.56839,12.618299,4220,4194,1279,4202,1385,4139
Russian Federation,2019.0,Russian Federation (2019),Europe & Central Asia,ECA,1.1594211769985556,10.510823,2.1758631994039246,55.82218,1.7763766,1323,1315,882,1309,881,1286
Rwanda,2006.0,Rwanda (2006),Sub-Saharan Africa,SSA,18.15037008132648,1.3119533,8.514513695558481,82.45702,10.819032,212,212,59,212,59,212
Rwanda,2011.0,Rwanda (2011),Sub-Saharan Africa,SSA,18.651450305224383,23.520988,2.107744628285241,54.46453,11.695179,241,240,70,239,81,226
Rwanda,2019.0,Rwanda (2019),Sub-Saharan Africa,SSA,12.11817065767372,16.74959,13.541755535486264,46.847717,2.9349117,360,360,119,360,120,356
Rwanda,2023.0,Rwanda (2023),Sub-Saharan Africa,SSA,7.386345281371337,11.337582,3.9933162967750455,38.60249,7.2553,358,358,132,358,132,352
Samoa,2009.0,Samoa (2009),East Asia & Pacific,EAP,21.28872920297425,19.257488,9.481824169127448,92.48998,31.346521,109,105,26,108,28,99
Samoa,2023.0,Samoa (2023),East Asia & Pacific,EAP,6.941565968404281,14.65674,5.699853645738533,90.52081,3.4463232,157,157,45,157,45,155
Sao Tome and Principe,2025.0,Sao Tome and Principe (2025),Sub-Saharan Africa,SSA,9.962277249275006,20.878304,5.346951981929233,67.20163,7.663051,164,164,23,162,23,154
Saudi Arabia,2022.0,Saudi Arabia (2022),"Middle East, North Africa, Afghanistan & Pakistan",MENAAP,1.4290106614307745,15.423772,10.469281597419213,36.868206,6.8330884,1573,1510,641,1436,729,1514
Saudi Arabia,2025.0,Saudi Arabia (2025),"Middle East, North Africa, Afghanistan & Pakistan",MENAAP,6.113140239267476,71.84144,1.2266808847044393,97.667496,3.0016491,1002,1002,374,1002,374,1000
Senegal,2007.0,Senegal (2007),Sub-Saharan Africa,SSA,5.989850738409719,9.205218,8.575011716880843,49.86824,6.093721,506,506,259,506,259,499
Senegal,2014.0,Senegal (2014),Sub-Saharan Africa,SSA,12.976485640435595,14.366934,7.9508839118731744,42.561516,9.298268,601,599,244,599,249,583
Senegal,2024.0,Senegal (2024),Sub-Saharan Africa,SSA,11.363750927653518,5.4511633,8.228140558632695,40.997074,6.992273,603,603,205,602,205,590
Serbia,2009.0,Serbia (2009),Europe & Central Asia,ECA,7.975380615534912,14.126237,32.454329631231445,69.91649,21.809914,388,388,125,388,135,364
Serbia,2013.0,Serbia (2013),Europe & Central Asia,ECA,6.857701847586259,19.172491,25.954983597344327,81.438835,34.49761,360,360,118,360,118,339
Serbia,2019.0,Serbia (2019),Europe & Central Asia,ECA,10.41196603055274,15.198825,32.72662155872631,78.49079,34.45704,361,360,127,353,127,351
Serbia,2024.0,Serbia (2024),Europe & Central Asia,ECA,8.247388885060083,8.96701,24.035386136995456,76.28683,19.638256,502,502,185,501,186,495
Seychelles,2023.0,Seychelles (2023),Sub-Saharan Africa,SSA,3.6752526302480923,9.473105,5.504865869197092,84.91347,4.097614,103,103,27,103,27,99
Sierra Leone,2009.0,Sierra Leone (2009),Sub-Saharan Africa,SSA,5.683957559997415,,0.9801383227360577,3.1608634,13.810346,150,150,0,150,68,150
Sierra Leone,2017.0,Sierra Leone (2017),Sub-Saharan Africa,SSA,9.078432565271958,2.6858609,2.2223183882654785,45.480965,5.7835474,152,152,77,152,77,152
Sierra Leone,2023.0,Sierra Leone (2023),Sub-Saharan Africa,SSA,3.163730403159831,2.7499263,4.466120553656226,45.406593,0.878589,209,207,101,208,101,209
Singapore,2023.0,Singapore (2023),East Asia & Pacific,EAP,29.63002678762276,10.365327,11.122450579729378,75.6723,16.534388,623,623,122,623,122,618
Slovak Republic,2009.0,Slovak Republic (2009),Europe & Central Asia,ECA,8.687252251251298,30.734509,20.857082649896626,60.678024,28.586948,275,271,82,272,91,268
Slovak Republic,2013.0,Slovak Republic (2013),Europe & Central Asia,ECA,14.395967126301853,35.079086,24.344280167604225,70.29795,42.90526,268,265,103,267,103,260
Slovak Republic,2019.0,Slovak Republic (2019),Europe & Central Asia,ECA,10.982506795782939,35.236374,13.261611238893591,65.30257,31.025242,429,429,191,428,192,428
Slovak Republic,2023.0,Slovak Republic (2023),Europe & Central Asia,ECA,10.563191244136561,32.72829,27.61378501937629,93.43868,19.24053,464,463,160,463,161,459
Slovenia,2009.0,Slovenia (2009),Europe & Central Asia,ECA,10.150533992842153,14.188261,34.953962020480844,94.51484,27.997122,276,276,96,276,106,273
Slovenia,2013.0,Slovenia (2013),Europe & Central Asia,ECA,14.200361715517337,14.773676,38.433548433259354,83.74979,25.172155,270,269,85,269,85,267
Slovenia,2019.0,Slovenia (2019),Europe & Central Asia,ECA,12.625139064447897,14.687761,42.82743440327026,90.04889,25.81126,409,406,176,408,176,402
Slovenia,2024.0,Slovenia (2024),Europe & Central Asia,ECA,8.654038143093064,25.283321,33.27711643325962,91.05512,29.776775,402,402,146,401,146,396
Solomon Islands,2015.0,Solomon Islands (2015),East Asia & Pacific,EAP,46.09591590428157,33.44253,12.987162715537936,92.27099,6.3900023,151,150,39,143,41,141
Solomon Islands,2025.0,Solomon Islands (2025),East Asia & Pacific,EAP,21.9133787930677,12.450662,5.699634276831969,84.828156,12.659778,150,150,40,150,40,140
South Sudan,2014.0,South Sudan (2014),Sub-Saharan Africa,SSA,42.693657766396036,25.441677,2.582678366258085,86.31705,2.6149302,738,730,88,733,89,728
South Sudan,2024.0,South Sudan (2024),Sub-Saharan Africa,SSA,43.72815755097358,0.22899053,3.473921795621145,94.42955,1.4175293,157,156,57,157,57,156
South Africa,2007.0,South Africa (2007),Sub-Saharan Africa,SSA,10.842245057912026,12.390237,8.746643306293349,44.1685,26.359812,937,936,680,937,680,937
South Africa,2020.0,South Africa (2020),Sub-Saharan Africa,SSA,0.36491313495607924,2.493578,7.0902978217351835,23.89923,5.5625386,1097,1081,334,1074,341,1085
Spain,2021.0,Spain (2021),Europe & Central Asia,ECA,3.2150909955716185,5.5219626,21.274113050423495,65.768776,26.798075,1051,1050,744,1049,744,1040
Spain,2024.0,Spain (2024),Europe & Central Asia,ECA,7.445478112255791,10.955609,21.866422031320354,73.356606,34.22196,1431,1426,649,1424,656,1398
Sri Lanka,2011.0,Sri Lanka (2011),South Asia,SAR,3.742812260506361,9.3445215,3.743827422940101,22.547594,9.05304,610,606,362,609,362,604
Sri Lanka,2025.0,Sri Lanka (2025),South Asia,SAR,0.43126516097584777,9.203175,7.1545157675900874,76.51332,7.984969,607,606,267,607,267,592
St.Lucia,2010.0,St.Lucia (2010),Latin America & Caribbean,LAC,18.924580162030765,0.0,23.420941145036917,69.17647,0.6113061,150,150,63,150,63,150
St.Lucia,2025.0,St.Lucia (2025),Latin America & Caribbean,LAC,8.388262491147662,25.993517,18.60992206310752,73.40516,4.596994,153,153,24,153,24,148
St. Kitts and Nevis,2010.0,St. Kitts and Nevis (2010),Latin America & Caribbean,LAC,18.83027178575588,9.644444,12.567185350129318,100.0,19.426102,150,149,29,147,29,145
St. Vincent and the Grenadines,2010.0,St. Vincent and the Grenadines (2010),Latin America & Caribbean,LAC,14.951186547449408,24.608921,13.119002030433519,84.19958,20.862978,154,148,49,145,48,150
Sudan,2014.0,Sudan (2014),Sub-Saharan Africa,SSA,1.2280248819477404,9.5169,6.700164853938599,68.51961,7.0339046,662,656,51,660,85,657
Suriname,2010.0,Suriname (2010),Latin America & Caribbean,LAC,5.959867356681445,5.4173174,11.681486382024943,59.710854,16.854376,152,152,75,152,75,152
Suriname,2018.0,Suriname (2018),Latin America & Caribbean,LAC,10.8948643543083,5.321693,7.426202372338383,62.014664,23.507544,233,232,54,227,81,225
Suriname,2025.0,Suriname (2025),Latin America & Caribbean,LAC,0.0,6.2416406,5.942753435361451,59.23229,2.8213263,152,150,40,152,40,150
Sweden,2014.0,Sweden (2014),Europe & Central Asia,ECA,26.91527288678244,14.1839485,16.40163499386446,89.14926,39.137493,600,586,336,598,335,579
Sweden,2020.0,Sweden (2020),Europe & Central Asia,ECA,12.70584535740896,27.712431,19.15939800575864,85.427704,40.72427,591,563,346,587,350,576
Sweden,2024.0,Sweden (2024),Europe & Central Asia,ECA,8.460025780456975,10.89014,19.19148194497717,80.40388,29.594627,600,593,239,594,239,577
Switzerland,2025.0,Switzerland (2025),Europe & Central Asia,ECA,13.060102376271832,15.2374935,17.601042371011,81.42706,21.602789,579,574,176,569,180,570
"Taiwan, China",2024.0,"Taiwan, China (2024)",East Asia & Pacific,EAP,5.975627288340403,13.70155,29.974152025299695,79.59832,35.325466,612,607,313,608,312,600
Tajikistan,2008.0,Tajikistan (2008),Europe & Central Asia,ECA,8.800415382627621,25.1861,7.429961375835903,65.562675,16.707687,360,355,115,359,117,355
Tajikistan,2013.0,Tajikistan (2013),Europe & Central Asia,ECA,6.196011993879495,23.569994,4.305262536046236,48.16055,17.784199,359,352,120,348,121,344
Tajikistan,2019.0,Tajikistan (2019),Europe & Central Asia,ECA,5.2717111588523915,10.017634,3.10985900072237,46.51979,2.215567,352,338,155,340,156,329
Tajikistan,2024.0,Tajikistan (2024),Europe & Central Asia,ECA,4.370739407305738,13.494995,1.1448436009261627,63.671505,9.761689,364,364,133,364,133,357
Tanzania,2006.0,Tanzania (2006),Sub-Saharan Africa,SSA,10.946355438871509,14.733384,2.741897311677504,52.003426,14.692953,419,419,273,419,273,419
Tanzania,2013.0,Tanzania (2013),Sub-Saharan Africa,SSA,4.600031591191289,10.931574,6.039556829559665,58.654446,17.629816,813,765,430,681,397,776
Tanzania,2023.0,Tanzania (2023),Sub-Saharan Africa,SSA,6.582366546730424,4.072375,7.203291488717789,42.473278,2.5337672,600,597,192,590,195,584
Thailand,2016.0,Thailand (2016),East Asia & Pacific,EAP,2.0714312810250135,5.5791473,4.708718646940795,13.788009,7.893119,1000,971,637,1000,726,946
Thailand,2025.0,Thailand (2025),East Asia & Pacific,EAP,4.062033175612918,1.8647469,6.073187630731174,23.577621,11.899436,813,813,326,812,334,783
Timor-Leste,2009.0,Timor-Leste (2009),East Asia & Pacific,EAP,17.48741876123384,7.221574,1.048348051756687,43.22127,2.2056928,150,150,49,147,63,148
Timor-Leste,2015.0,Timor-Leste (2015),East Asia & Pacific,EAP,2.146630659065839,23.268087,36.815371859202486,73.742584,5.459395,126,126,60,126,60,124
Timor-Leste,2021.0,Timor-Leste (2021),East Asia & Pacific,EAP,10.73798986890209,4.4433703,0.5339469261558651,46.609283,0.38946533,238,238,69,237,82,233
Togo,2009.0,Togo (2009),Sub-Saharan Africa,SSA,13.86227911755773,8.533464,8.937338433242422,38.684547,6.598413,155,155,23,155,36,142
Togo,2016.0,Togo (2016),Sub-Saharan Africa,SSA,27.784209444756204,7.955025,26.433745944437902,83.06977,8.407565,150,150,45,149,45,148
Togo,2023.0,Togo (2023),Sub-Saharan Africa,SSA,17.046860623394817,23.549725,21.023714299128724,79.68208,7.282583,148,147,54,148,54,146
Tonga,2009.0,Tonga (2009),East Asia & Pacific,EAP,13.47182947573002,65.841415,3.120309219212492,96.42685,7.820739,150,150,52,150,54,129
Tonga,2024.0,Tonga (2024),East Asia & Pacific,EAP,25.80813659555108,42.26288,4.191822887259161,41.32432,1.5351851,150,150,36,150,36,150
Trinidad and Tobago,2010.0,Trinidad and Tobago (2010),Latin America & Caribbean,LAC,9.761223229959331,2.231569,12.11500892584324,82.14505,10.988677,370,370,122,370,123,361
Trinidad and Tobago,2025.0,Trinidad and Tobago (2025),Latin America & Caribbean,LAC,0.6934877873194838,27.768478,7.033594604152755,54.676743,17.264118,114,114,15,113,15,112
Tunisia,2013.0,Tunisia (2013),"Middle East, North Africa, Afghanistan & Pakistan",MENAAP,11.689110753859186,8.1241,30.233048421002984,80.78029,16.806927,592,591,330,590,330,555
Tunisia,2020.0,Tunisia (2020),"Middle East, North Africa, Afghanistan & Pakistan",MENAAP,10.188582228787899,12.71468,23.591986884850346,71.37224,18.753914,615,603,365,605,360,580
Tunisia,2024.0,Tunisia (2024),"Middle East, North Africa, Afghanistan & Pakistan",MENAAP,11.284765040467772,12.030259,27.017316272955178,65.20001,20.439682,645,643,331,645,333,616
Turkiye,2008.0,Turkiye (2008),Europe & Central Asia,ECA,2.9140618813603743,16.123919,22.030044417293848,54.127346,30.038694,1152,1143,810,1141,916,1127
Turkiye,2013.0,Turkiye (2013),Europe & Central Asia,ECA,5.09977268654049,20.927,21.59362307491618,54.71756,30.367384,1344,1327,1066,1321,1085,1293
Turkiye,2019.0,Turkiye (2019),Europe & Central Asia,ECA,1.2353823317688024,14.409903,9.994482717892575,50.056847,29.470407,1663,1617,1063,1598,1054,1619
Turkiye,2024.0,Turkiye (2024),Europe & Central Asia,ECA,1.8715974878582176,20.42658,5.583973974190789,20.052439,25.44212,1416,1403,642,1394,641,1334
Turkmenistan,2024.0,Turkmenistan (2024),Europe & Central Asia,ECA,0.0,12.175017,10.922974082047352,72.83905,7.3419623,311,311,133,309,134,304
Uganda,2006.0,Uganda (2006),Sub-Saharan Africa,SSA,17.013356061932175,11.06528,4.905798761528425,47.62512,15.520704,563,563,307,563,307,558
Uganda,2013.0,Uganda (2013),Sub-Saharan Africa,SSA,10.42019775292035,35.565765,4.099006717730055,46.180576,11.616876,762,756,374,733,376,697
Uganda,2025.0,Uganda (2025),Sub-Saharan Africa,SSA,2.9671447384791394,1.7616222,10.167753672678565,48.06762,11.352244,605,604,217,605,217,601
Ukraine,2008.0,Ukraine (2008),Europe & Central Asia,ECA,5.623941150862214,26.737604,9.813376204489296,33.902237,13.043128,851,837,464,845,576,826
Ukraine,2013.0,Ukraine (2013),Europe & Central Asia,ECA,3.337357737701807,12.385495,7.217767684790412,53.59262,16.516773,1002,967,720,980,731,973
Ukraine,2019.0,Ukraine (2019),Europe & Central Asia,ECA,4.775062015143687,12.467012,10.541746331841624,79.614525,11.137082,1337,1330,940,1332,944,1295
United Kingdom,2024.0,United Kingdom (2024),Europe & Central Asia,ECA,8.077820455070608,42.91105,15.60307010060982,70.76249,28.315739,1003,1003,204,1003,207,987
United States,2024.0,United States (2024),North America,NAR,3.2727254428419936,17.944492,3.771230628286564,63.836704,10.340735,2697,2688,870,2695,878,2648
Uruguay,2006.0,Uruguay (2006),Latin America & Caribbean,LAC,7.961251226160322,4.748004,13.353156709789474,85.35941,6.812645,621,621,361,617,393,617
Uruguay,2010.0,Uruguay (2010),Latin America & Caribbean,LAC,10.0616156906222,4.1746182,8.423726550650601,71.74288,10.817341,607,603,351,607,383,593
Uruguay,2017.0,Uruguay (2017),Latin America & Caribbean,LAC,9.520794387887296,22.952738,10.679225023147387,94.788246,10.74155,347,344,103,346,114,324
Uruguay,2024.0,Uruguay (2024),Latin America & Caribbean,LAC,4.3337211539851666,15.705983,5.95320511122323,77.25064,8.992742,360,360,89,360,89,349
Uzbekistan,2008.0,Uzbekistan (2008),Europe & Central Asia,ECA,4.433149791324671,10.51955,1.0687245375784553,31.163517,1.3282301,366,366,121,366,123,366
Uzbekistan,2013.0,Uzbekistan (2013),Europe & Central Asia,ECA,6.321457817156885,7.424298,1.4801478932680303,33.378304,5.160774,390,389,133,390,133,386
Uzbekistan,2019.0,Uzbekistan (2019),Europe & Central Asia,ECA,4.607978753765748,20.761955,4.951943478603728,46.954475,8.269647,1239,1234,836,1231,840,1219
Uzbekistan,2024.0,Uzbekistan (2024),Europe & Central Asia,ECA,2.276071748781075,34.13972,1.725508648663638,22.63873,3.272222,1008,991,521,996,536,959
Vanuatu,2009.0,Vanuatu (2009),East Asia & Pacific,EAP,35.12304674738152,0.0,2.806142021769389,93.680244,26.975784,128,128,15,127,15,125
Vanuatu,2023.0,Vanuatu (2023),East Asia & Pacific,EAP,23.92695516826707,10.729541,8.996643761542323,64.35648,2.676957,111,107,10,99,11,102
"Venezuela, RB",2006.0,"Venezuela, RB (2006)",Latin America & Caribbean,LAC,,,3.0787616099705284,6.792578,12.521087,500,0,0,500,266,489
"Venezuela, RB",2010.0,"Venezuela, RB (2010)",Latin America & Caribbean,LAC,7.44230845404714,3.6766462,0.18542054702248356,52.769947,25.91842,320,318,84,319,85,302
Vietnam,2009.0,Vietnam (2009),East Asia & Pacific,EAP,8.972063758340894,12.372749,12.66342045439148,70.02935,16.724264,1053,1050,775,1048,787,1036
Vietnam,2015.0,Vietnam (2015),East Asia & Pacific,EAP,3.556761141279302,10.757468,9.58857476500286,50.89712,10.044369,996,995,635,990,690,978
Vietnam,2023.0,Vietnam (2023),East Asia & Pacific,EAP,4.611069672756141,10.733839,5.441356886651861,43.361465,6.7918887,1028,1021,555,1024,565,999
West Bank and Gaza,2013.0,West Bank and Gaza (2013),"Middle East, North Africa, Afghanistan & Pakistan",MENAAP,1.9259218745812423,8.329326,21.66118287614292,79.87907,9.067456,434,427,157,429,158,423
West Bank and Gaza,2019.0,West Bank and Gaza (2019),"Middle East, North Africa, Afghanistan & Pakistan",MENAAP,2.2259993228433443,3.7805943,16.204610883991112,77.307945,2.120335,365,361,129,358,129,355
West Bank and Gaza,2023.0,West Bank and Gaza (2023),"Middle East, North Africa, Afghanistan & Pakistan",MENAAP,2.99135015797928,3.1635563,12.300789138471691,75.686104,9.195551,360,355,133,356,133,355
Yemen,2010.0,Yemen (2010),"Middle East, North Africa, Afghanistan & Pakistan",MENAAP,1.8268273155798924,2.0180018,1.006820109472075,41.29859,4.35106,477,472,242,476,250,471
Yemen,2013.0,Yemen (2013),"Middle East, North Africa, Afghanistan & Pakistan",MENAAP,0.8445826207287479,3.3060033,9.15441784380085,42.067955,4.9099436,353,349,117,350,117,348
Zambia,2007.0,Zambia (2007),Sub-Saharan Africa,SSA,27.376356357691023,24.18025,8.739883703987838,71.963005,17.15053,484,484,304,484,304,456
Zambia,2013.0,Zambia (2013),Sub-Saharan Africa,SSA,27.923208557820523,22.947588,6.315507688906748,49.8063,19.894941,720,712,358,706,362,700
Zambia,2019.0,Zambia (2019),Sub-Saharan Africa,SSA,25.678367446071526,10.269196,5.61300224790854,48.351128,7.890659,601,598,166,598,179,580
Zimbabwe,2011.0,Zimbabwe (2011),Sub-Saharan Africa,SSA,10.999712243869613,16.73754,4.2303227471693,58.398903,17.975191,599,597,354,599,376,592
Zimbabwe,2016.0,Zimbabwe (2016),Sub-Saharan Africa,SSA,10.879095454622128,21.131945,5.584502811575547,74.30713,9.674362,600,582,289,600,289,569
Zimbabwe,2025.0,Zimbabwe (2025),Sub-Saharan Africa,SSA,4.633320361588901,6.5430346,9.395844846932745,52.02981,31.320805,360,357,121,359,125,354
